PCB1_Xenon_KB,,,,,,,,,,LCSC BOM Quotation,,,,,,,,,,,,,,,
,,,,,,,,,,BOM Date Created：29/12/25 06:02:05,,,,BOM Export Date: 29/12/25 06:02:48,,,,"The matching result is a real-time query result, availability and prices may fluctuate.  
Backorder items are estimated prices for your reference, please submit ""Create Quote"" to get the real price.
All information is provided ""as is"" and is subject to change without notice.  Any use made of the information provided is without recourse to LCSC and at the user's risk.",,,,,,,
,,,,,,,,,,"EST TOTAL :$30.67
",,,,Website：https://www.lcsc.com/bom,,,,,,,,,,,
Uploaded data,,,,,,,,,,LCSC Matching Results,,,,,,,,,,,,,,,
LCSC#,Mfr.,Mrf#,Description,Package,Value,Customer Part Number,Quantity,Target Price(USD),Target Lead Time(Business Days),Mrf#,Mfr.,Order Qty.,Unit Price(USD),Ext.Price(USD),LCSC#,Package,Min,Mult,SPQ,Availability,Stock Status,Customer Notes,Description,Matched status,Product Link
C49234238,HanElectricity(瀚源),CPG151101D01,,SW-TH_CPG151101D9X,,-,88,,,CPG151101D01,HanElectricity,90,0.0769,6.92,C49234238,Through Hole,5,5,500,4065,In Stock,,60gf Black Switch Through Hole Pushbutton Switches RoHS,Exact Matches,https://www.lcsc.com/product-detail/C49234238.html
C2907044,FOJAN(富捷),FRC0603F5101TS,,R0603,,-,2,,,FRC0603F5101TS,FOJAN,100,0.0009,0.09,C2907044,0603,100,100,5000,4839000,In Stock,,5.1kΩ ±1% 100mW 0603 Thick Film Resistor,Exact Matches,https://www.lcsc.com/product-detail/C2907044.html
C,SHOU HAN(首韩),TYPE-C 16PIN 2MD(073),,USB-C-SMD_TYPE-C-6PIN-2MD-073,,-,1,,,TYPE-C 16PIN 2MD(073),SHOU HAN,20,0.0600,1.20,C2765186,SMD,20,20,1000,366060,In Stock,,"USB-C (USB TYPE-C) Receptacle Connector 16 Position Surface Mount, Right Angle",Partial Matches,https://www.lcsc.com/product-detail/C2765186.html
C1591,SAMSUNG(三星),CL10B104KB8NNNC,,C0603,,-,2,,,CL10B104KB8NNNC,Samsung Electro-Mechanics,100,0.0026,0.26,C1591,0603,100,100,4000,22834100,In Stock,,100nF ±10% 50V Ceramic Capacitor X7R 0603,Exact Matches,https://www.lcsc.com/product-detail/C1591.html
C784540,TCWIN(天成),TC5050RGBF08-3CJH-AF53A,,LED-SMD_6P-L5.0-W5.0-TL_TC5050RGBF08,,-,1,,,TC5050RGBF08-3CJH-AF53A,TCWIN,20,0.0190,0.38,C784540,SMD5050-6P,20,20,1000,430820,In Stock,,200mW SMD5050-6P LED Indication - Discrete RoHS,Exact Matches,https://www.lcsc.com/product-detail/C784540.html
C21190,UNI-ROYAL(厚声),0603WAF1001T5E,,R0603,,-,3,,,0603WAF1001T5E,UNI-ROYAL,100,0.0011,0.11,C21190,0603,100,100,5000,33306700,In Stock,,1kΩ ±1% 100mW 0603 Thick Film Resistor,Exact Matches,https://www.lcsc.com/product-detail/C21190.html
C181692,INJOINIC(英集芯),IP5306,,ESOP-8_L4.9-W3.9-P1.27-LS6.0-BL-EP,,-,1,,,IP5306,INJOINIC,5,0.2693,1.35,C181692,ESOP-8,5,5,4000,10230,In Stock,,Lithium Battery I2C 2.1A ESOP-8 Battery Management RoHS,Exact Matches,https://www.lcsc.com/product-detail/C181692.html
C2839970,YJYCOIN(益嘉源),YL160808-1R0K,,L0603,,-,1,,,YL160808-1R0K,YJYCOIN,50,0.0152,0.76,C2839970,0603,50,50,4000,109750,In Stock,,25mA 1uH ±10% 600mΩ 0603 Fixed Inductors RoHS,Exact Matches,https://www.lcsc.com/product-detail/C2839970.html
C49393702,SAMZO(三佐),M22K095111F5,,SW-TH_4P-L7.5-W9.5,,-,1,,,M22K095111F5,SAMZO,5,0.2013,1.01,C49393702,Through Hole,5,5,1000,985,In Stock,,1.8N SPST-NO 12V Through Hole Pushbutton Switches RoHS,Exact Matches,https://www.lcsc.com/product-detail/C49393702.html
C25804,UNI-ROYAL(厚声),0603WAF1002T5E,,R0603,,-,6,,,0603WAF1002T5E,UNI-ROYAL,100,0.0010,0.10,C25804,0603,100,100,5000,32974600,In Stock,,10kΩ ±1% 100mW 0603 Thick Film Resistor,Exact Matches,https://www.lcsc.com/product-detail/C25804.html
C43832,Chengx(承兴),KM108M016F16RR0VH2FP0,,CAP-TH_BD8.0-P3.50-D0.5-FD,,-,1,,,KM108M016F16RR0VH2FP0,Chengx,10,0.0556,0.56,C43832,"Through Hole,D8xL16mm",10,10,500,82800,In Stock,,"1000uF 16V Aluminum Electrolytic Capacitors Through Hole,D8xL16mm 2000hrs@105℃",Exact Matches,https://www.lcsc.com/product-detail/C43832.html
C143790,BOURNS,PEC11R-4215F-S0024,,SW-TH_5P-L12.5-W13.4-P2.50-LS14.5,,-,1,,,PEC11R-4215F-S0024,BOURNS,1,2.4676,2.47,C143790,Through Hole,1,1,75,829,In Stock,,Through Hole Encoders RoHS,Exact Matches,https://www.lcsc.com/product-detail/C143790.html
C629440,MICROCHIP(美国微芯),MCP23017T-E/SO,,SOIC-28_L17.9-W7.5-P1.27-LS10.3-BL,,-,2,,,MCP23017T-E/SO,MICROCHIP,2,1.9539,3.91,C629440,SOIC-28-300mil,1,1,1600,636,In Stock,,16 I2C SOIC-28-300mil I/O Expanders RoHS,Exact Matches,https://www.lcsc.com/product-detail/C629440.html
C2934560,ESPRESSIF(乐鑫),ESP32-C3-WROOM-02-N4,,BULETM-SMD_ESPRESSIF_ESP32-C3-WROOM-02-N4-4MB,,-,2,,,ESP32-C3-WROOM-02-N4,ESPRESSIF,2,3.0674,6.13,C2934560,VFQFN-32-EP,1,1,650,7314,In Stock,,2.4GHz ESP32-C3 Chip On-board PCB Antenna -98dBm VFQFN-32-EP RF Transceiver Modules and Modems RoHS,Exact Matches,https://www.lcsc.com/product-detail/C2934560.html
C52140417,MDD(辰达半导体),74AHCT1G125GV,,SOT-23-5_L3.0-W1.7-P0.95-LS2.8-BL,,-,1,,,74AHCT1G125GV,MDD(Microdiode Semiconductor),1,0.0741,0.07,C52140417,SOT-23-5L,1,1,3000,2744,In Stock,,"1 40uA 4.5V~5.5V 1 1ns@4.5V SOT-23-5L Buffers, Drivers, Receivers, Transceivers RoHS",Exact Matches,https://www.lcsc.com/product-detail/C52140417.html
C3029476,XUNPU(讯普),WAFER-XH2.54-2PWB,,CONN-SMD_2P-P2.54-XH2.54-WT,,-,1,,,WAFER-XH2.54-2PWB,XUNPU,5,0.0672,0.34,C3029476,"SMD,P=2.5mm,Surface Mount,Right Angle",5,5,700,14525,In Stock,,"Connector Header 2 position 2.5mm Pitch 3A Surface Mount, Right Angle -25℃~+85℃",Exact Matches,https://www.lcsc.com/product-detail/C3029476.html
C455261,XUNPU(讯普),TS-1077S-02026,,SW-SMD_L3.1-W3.1-P2.20-LS4.0,,-,2,,,TS-1077S-02026,XUNPU,10,0.0431,0.43,C455261,"SMD,3.1x3.1mm",10,10,4000,22540,In Stock,,Tactile Switch SPST 2mm 3.1mm x 3.1mm Surface Mount,Exact Matches,https://www.lcsc.com/product-detail/C455261.html
C23380830,TECH PUBLIC(台舟),AP2112K-3.3TRG1,,SOT-23-5_L2.9-W1.6-P0.95-LS2.8-BR,,-,1,,,AP2112K-3.3TRG1,TECH PUBLIC,5,0.0922,0.46,C23380830,SOT-23-5,5,5,3000,31810,In Stock,,"Positive Fixed 3.3V SOT-23-5 Voltage Regulators - Linear, Low Drop Out (LDO) Regulators RoHS",Exact Matches,https://www.lcsc.com/product-detail/C23380830.html
C2984443,Viking(光颉),ARG03FTC4001N,,R0603,,-,2,,,ARG03FTC4001N,Viking,100,0.0076,0.76,C2984443,0603,100,100,5000,49100,In Stock,,4kΩ ±1% 100mW 0603 Thin Film Resistor,Exact Matches,https://www.lcsc.com/product-detail/C2984443.html
C7423120,欧思科光电,SK6812MINI-KA,,LED-SMD_L3.2-W2.8-LS5.9_SK6812MINI-E,,-,96,,,SK6812MINI-KA,OPSCO Optoelectronics,100,0.0284,2.84,C7423120,-,10,10,1000,290,In Stock,,"LED Addressable, Specialty RoHS",Exact Matches,https://www.lcsc.com/product-detail/C7423120.html
C51953478,CCX(晁禾),1N4148W,,SOD-123_L2.7-W1.7-LS3.8-RD,,-,88,,,1N4148W,Chao He,90,0.0058,0.52,C51953478,SOD-123,10,10,3000,135960,In Stock,,2A 4ns 100V 1 Independent 1.25V@150mA 150mA SOD-123 Single Diodes RoHS,Exact Matches,https://www.lcsc.com/product-detail/C51953478.html
